,Sampling Technique,ADASYN,BorderlineSMOTE,RandomOverSampling,RandomUnderSampling,SMOTE
Model,,,,,,
GradientBoosting,,100,100,100,99.38113198,100
KNN,,98.77136992,98.77136992,98.77136992,98.17042273,98.77136992
logisticRegression,,92.85242147,92.85242147,92.85242147,91.04841994,92.85242147
RandomForest,,100,100,100,100,100
SVM,,66.43755671,66.43755671,66.43755671,69.53516074,66.43755671
